-0.03733297249235038,1.043985687717409,-0.44540939040865607,-0.637178115720566,0.9571483045425279,6.9140834363519135,0.36452879522072357,2.6658936719766753,0.4556974907545398,6.080970545974745,-0.09981098143228927,-0.16434583369823624,4.904083928703055,-0.9792465815028643,0.10834511470097641,-2.767744135323164,-6.930298542598355,-3.35261040639668,-2.1280186231005627,-4.727588497495072,0.5960359283449914,0.21485533206618057,-2.019800430720535,-0.6829854211437695,0.4661652854090888,-1.0339866621350609,3.635716176712627,-0.8009273742300862,0.47470220092117144,0.022344163380459192,-0.5979338777104575,0.5781697009824138,0.5744891009234352,-4.43863174937528,5.042154074340854,0.7364400964167129,0.7630647121940903,1.0864448071504254,-1.4852267476995695,-0.8685190200345372,-0.11275308727419155,2.384152092224384,-1.0123900233373713,-3.129085554922632,0.49482736796966786,-0.8601549175659544,-7.501691199558299,0.22627585449522325,0.6074024609572386,-0.13356169784549632,-0.3601758824792757,-0.029453202762252016,0.8389427633551699,1.1256790047264684,1.859633444186942,-0.7302491922450965,-2.1366485279613343,1.104611393557263,0.12968644936902357,-1.7270366298677897,0.8783293757475396,-0.4143591430540339,1.5958299891278904,0.397364127128545,3.2866954945473505,0.08334826230411245,-1.0668550379405688,5.687949417445911,1.0944280481798134,-2.0537643382049353,0.6336120908927507,0.40169303755352304,-0.044026171725511265,-1.4381378983445878,-1.1643215595524687,-1.5415631201480222,0.7982517358972236,-1.6747921158885335,5.421714600942233,-1.4049146870569176,1.4284504645685594,-2.1370039265405367,-4.593638539879038,4.36281984394223,-3.799058591445203,0.5912443426472238,-0.11271925145523676,-0.5396467587298375,2.4805526840264362,5.193451723710003,-0.11043546511348247,3.912440723693946,0.07546556243143834,0.8688593949922985,-0.9593048134058672,0.010661822332398872,-4.044059274096207,1.0446990100540328,0.36147373186271886,-3.178845196444486,1
0.009569962968785478,-4.523803643179434,-2.333752692794792,-0.3967440355020237,-1.0123839099408989,1.4013490774894608,-0.6310202841709407,-0.046731709957224775,6.802794368294658,-2.029805119457198,-1.1408762149975813,0.08566022400005571,-4.043657171126763,-1.741914807567899,4.149376235579274,6.318199859315883,-1.7443285875360428,1.6229589081939086,5.350412661379249,5.160229021472517,0.5655563174515695,-0.6045804023420257,-8.292268248004543,4.218450761959678,-0.050266605270515484,1.8090794376416455,9.051319945267394,-0.2629834837362722,-0.3009143935831534,2.0291291246750975,0.9156577880978701,-0.29256588677892603,1.2741771449181976,7.868809014368017,0.670754701913375,-0.4616408097737507,0.9631993696128456,0.07683493493774765,-2.8581389913994526,1.0102201910616486,-2.0958119705321288,-4.380088686916724,6.621382928258419,4.527103220843889,-0.9052835983795577,-0.07125294899761082,5.891401750153005,-0.5713412458054261,-4.206261399380725,3.0711748111762054,1.2907723336275152,-1.2325421303848256,-1.0581054512926,-3.2251482032387093,1.739703805346922,-0.27070324732714784,-1.5265610465417858,-2.0471509476268377,-1.1357679221786483,-0.9449928911150489,0.6226393148115553,-0.7944709098290288,1.0308858845483888,-0.9840789811035388,-2.2218298411850794,-0.0016207690289043568,1.2924927228056864,1.4848646037135884,0.5898173824220176,-4.805033910163422,-0.504912928570227,1.0753541579856427,1.553748040343733,-3.4436994238156116,-0.6217641509334746,4.080171904369297,-0.16828623214141708,-2.1251854212575014,1.2325826513664864,0.8251496187967899,-0.48613364364800754,-0.6431084099752438,3.314436820401568,-0.23246634519364406,3.2392175974653985,1.1600951856023498,-0.8078838603848512,9.888013514137148,0.6969610980121259,0.590807086949019,2.038224979339174,2.743900438035995,0.9525990873324196,-1.695484513964038,-3.856097592381766,-2.488599348759921,-4.401366758343574,-2.7011689721095586,0.3085723874824394,0.2093843962005788,2
1.0381791797570192,-1.050400870308481,0.21975310494516237,0.7871208582649554,-0.910052806724862,5.089514355931168,0.23544587367438352,0.7384560993147603,-0.1185370179895977,6.006766974970525,1.619668258160935,1.1401996007713233,5.613423762653423,-0.1392247390530784,9.30231629581888,2.955660405265224,-4.139021842979661,-1.1441797764906028,-5.5830146233345195,-0.09261856236390953,-0.5064101369135328,-0.5136129657272849,0.08818518812716758,1.6190786396156254,-0.327295528857177,1.1678994604065431,4.458339002243016,-3.773082885193661,-0.047349970350169183,-1.7665355574140111,0.9412032905355664,0.2111641198055088,0.9277832953565254,-1.5814949361076716,4.413609713063613,1.5291685014877832,-0.7733338654530346,0.4045636073281548,-1.014274632046782,1.569197509806595,-1.608765401831387,-2.279408764725733,-5.3250459393273735,5.115547818109975,-2.1749516005169798,-1.8560787023001841,0.7408216281108047,2.4777844513078953,-2.8335231537188434,-3.9439616105557045,0.5917750142569304,-0.32995930227897413,0.4189996841441174,-2.6339703432892065,-2.2305919837460153,-0.3200334483621327,1.0715871082445347,-6.771835486397733,0.3308889279073416,0.6941399797869348,0.4955109968031803,-0.7599022089164865,-3.949922407885669,-0.9428090442406539,3.0134997025700065,-0.8604669252742262,0.5965866117158375,2.5448823876106275,-1.8166268407550012,3.4756646685963224,-0.2676839775515863,0.27875947226412323,1.9500857800511235,-3.724044831593682,0.1062616977397482,-0.7945715120821584,0.19643142971373134,0.5540242610489783,-0.5985028121401859,-0.702875926075127,-0.9793886392145477,-2.3078421758137466,1.1106616160846978,5.650931622999647,-6.130973050086986,-0.05365585210491197,-1.4742994402722407,1.1202746997555328,0.7580452891983024,-1.3000215989110706,0.12766777414551478,-3.598190656666919,0.42649353327470674,0.38106395874697124,-2.3528355964562486,0.18096058695503733,3.577049527760886,0.815816408975685,0.45987583038003726,-3.229648821291807,1
0.1748836163589066,-0.5409434208750974,-0.05200904761599824,-0.7730275978618897,2.263401606547661,6.551598468130455,-3.057687510952157,-0.2607318044296093,4.145170460319633,-5.449437050548451,1.0382935971440443,-0.48831893030087453,1.1221369830972587,0.5724703659409349,3.601991942011052,11.321588599840396,1.2434459049458986,-1.7971419017435584,3.4796699583904385,3.8470514082137246,-0.23490085980788886,1.0640242335793686,4.521525894921122,2.533107741098291,-0.0032464919765484573,0.025555608538609022,8.147517577626997,0.8438332422366143,0.5412311980770111,-1.0274485726212423,0.6677139513506478,0.3654459697968852,-0.5069873732972472,4.05830792230115,-7.3878331079223285,-1.2605154225969522,0.5788716157310909,0.9150139915740116,6.681666993416844,-0.1308555034105392,-0.9684589831545346,-2.8508866305814475,-1.6003679963902635,0.029947894864648994,-0.40280230019988883,-0.38801088092426594,5.056305388037082,-2.0702244861218078,0.8735443492828108,-2.4023054093043177,-0.9003386307859502,-0.47226371772144327,0.8117059616269802,5.9852116180356365,-9.8451941525541,-0.10802257351623666,1.8421881202964991,-4.216350705289518,-1.277199983006564,-0.3586163032816133,0.5380814513105979,-0.46810337953169306,2.7995296755161116,0.8079921691053881,-1.2743024766170068,-0.38637415172547374,0.8696782096886848,4.203246098508909,0.9179739238713244,-1.1455813714696201,0.596910803595246,-0.4863134614284313,-1.1157113197986082,-0.24820215698114312,-0.029404430387530673,-12.738291788624537,0.9557579745395726,0.17568040927838785,-3.0180379903734993,2.022060011549862,-1.0416121565848562,3.5690218152281554,-0.5318645772156017,-4.525684904768051,7.6055977077263215,-0.6426006923516605,-0.14001865855715642,5.211756693309162,-0.5118405656632417,3.2880718331674124,2.3443976985280206,-0.3045279853984204,-0.6508808769656685,0.44474517967833327,-7.344923410765543,-1.6621064676504378,2.051078127116739,5.749539429029674,1.5587758927615019,0.1913713625108291,1
-0.5523485993900002,-5.39329111986114,-0.8569981201156951,0.6486976281140017,-0.9157721382395232,-3.033504306334039,-0.9958445113652523,-0.705597330931525,-4.0475435032026725,5.324505978764517,-0.18548329235199248,0.9454355280138321,3.2801978763015436,-0.8076257795225085,-6.143776377464598,-0.967358523039224,-1.1004595699356223,2.4395485514567063,-4.804660994153323,-7.174037449553229,1.578767570708137,-1.1959312587487312,11.045236606868329,-4.842965898948044,-0.4159917873037828,-0.627839034736185,-3.055432726228134,-11.792590629652205,-0.7117032248339391,-1.0075619266624363,0.36102930097907343,0.666919442110169,-0.3835563638232204,2.0046383690700287,0.5918675707217715,-0.45872106736665746,-2.667876009287144,-0.16239916552407718,-0.5766825388601298,0.1428450816938784,1.3956003914310957,2.7564966967107267,5.261277705070875,3.4392981083319327,2.5348296133727284,0.943933894753405,-5.6829044288002555,8.283536874448139,0.8486208321097348,2.097723006462617,0.4885526450760345,-0.7340872957688607,-1.1097371104534826,4.2713750504524315,7.064877284790869,-0.1794785713978348,6.046196575027935,-0.22117006379340276,0.24567008146570196,-0.11825199581389913,1.7814531719342923,-0.4684154849730975,3.595534277817556,-1.0216757903584657,3.227946606782451,-0.5448718139113898,0.5302647935435016,-5.5477766217967535,-1.0347338012584961,-2.9416571221721015,0.7773337767284749,0.6327113907060715,-4.246470003063948,-2.4487654888116035,-1.2289679310718373,6.042950423491989,1.8333982198176744,0.20737428084253226,1.0650964358492696,0.9349707715140022,-1.4713175681016986,1.4111106871990353,10.077919804744674,4.669359656125902,1.853211682929337,1.0189213182699275,0.3843005790092382,-0.7842762895123452,0.0017037062978881167,3.1167736314262022,1.5126886434052091,-1.0522036403590818,0.34459456589613996,-0.09456309631484038,0.5730077157248001,-0.41905514589886256,-3.391470793457053,-6.172680823197831,0.9050927659024797,-11.354807819719102,0
-0.04517395081955103,5.3397791897762,2.714423361136743,1.0029937869194727,-0.637795071182874,6.001820880504869,0.22398036990953785,0.8544471409053884,3.6885228497501625,2.0113761324949455,-0.7968022377688486,-1.1374000541033342,9.122829082084655,-0.21628654814734224,5.44025437045813,1.2682011551208674,3.8621903448525785,-5.851709387396345,10.905670891128718,5.888080700782164,-0.0033020863395777046,1.155942234965962,1.7167683203435011,-8.899213642493606,-0.9962644202839681,0.8559368854062274,4.220978448429605,-5.684361259982485,-0.08115247145741135,-1.968493283743674,0.46473070342110057,-1.187825624394365,-0.2848791684343306,-0.9450262270268432,5.273919257734943,0.22296050206030874,1.0125181113082342,-0.1811933904045644,-4.4902183950434935,-0.9854145812671131,1.5951658204948487,-7.145374117513582,2.8265694858307255,-3.297023821906746,7.716348150217926,0.49565278616497355,-6.422806876827188,6.438399493246367,6.44255297698395,-1.2206411907786365,-0.6159746679064851,0.9966101375087497,-0.6222043935887664,-12.578598701035173,-0.7599552468456674,0.9020060268411731,0.38322197787896917,2.3046001782306567,-0.6107967943485594,1.5435548458517008,0.3787031283335874,0.6082567305473977,4.408016851506787,1.905110745592825,-4.31869642446425,0.6120332526318867,-0.38257656456470734,-0.33278566436727886,0.433896290604456,-0.4983495607146403,-0.21007243705733955,-0.7301496133708499,2.753723167273967,-2.0323889176243246,1.1884975122248578,-0.5710348246583348,0.21678463688181443,-0.3989944711853808,6.776324042331469,-1.1130920258967678,-0.22739952531241547,0.1534597244738498,1.4850333862086527,-0.3099397290854331,0.18077075525202346,0.40801084364827894,-0.5699579434855577,-4.109045142180181,-1.1783052467486905,-0.7836258331431507,1.0063147872500229,2.323790045961985,0.33997151926461056,-0.2109231706136403,-2.3732895125806412,0.003898271596989459,-3.013086461394895,-9.345233567298921,-1.0621628697342307,2.4361693612447035,1
-0.07489111785657199,2.302386921857035,0.32711671237427553,0.4127672991892553,-2.426497828883642,2.184820036404134,1.0064989864171472,-0.23555590121221048,-2.174716975089329,2.521794998731898,-0.6689797394021821,0.510701155081994,2.010511314544367,0.16505975980282456,2.9759066422090905,4.481642292594876,0.9299627632149339,2.271171046652341,-3.232882234753469,0.3442692389395917,0.6304516821254822,-0.9815654862827807,-0.8770878891787175,4.831724355681459,-1.0021501902594059,-1.1093341928866147,2.549967457471071,3.344002579275197,0.10668616182553882,-0.025339228579580406,0.043730543316051564,-0.7964162571947918,-0.9435557330739074,7.886951887896169,-1.5725928233838458,-0.499872367528588,-1.9613214401941974,1.7140258804901252,-1.4672290473274003,0.9907740655888057,1.1789663678446505,-0.5358570280411981,-2.2192447588600412,4.388443123280042,-0.06965312146468272,-0.1361982584328485,2.9643122322016766,1.1542156241593053,-2.5196082396477992,-5.518652509299483,0.16832157811451118,-1.715265247362373,-0.6547886810652399,0.022346594304246792,-2.8227808845109097,-0.2758107920511979,1.6747277761072246,-4.119892736575153,0.5003777146592139,-0.16709063183866188,-1.2046645417209634,1.1247902555837088,7.44278726193377,0.411694357682289,-5.5705734755114795,1.1967044662898096,1.6274834818230497,2.246673569093379,-1.756951252507456,-0.11217399860300192,0.8203690295432106,1.2692447837455911,0.07835393047768213,-0.6745284019533521,-0.9655946134392018,-5.230711683822009,-0.4670927283235456,-0.7441433503298849,1.5321894484588747,-0.7176530669787391,2.3160975977764893,-1.318738277561379,2.721093810396867,-1.2623322583239494,0.44998036827819266,0.559459793886575,-1.2450868449828367,-0.8939631078212718,-0.8999606186115624,3.0434755081595513,0.4835806688782099,3.963238262292138,1.313442470182558,-1.0129497889237005,-1.865448402449509,-2.213394148145479,-1.0825937489048054,-4.314669328936615,0.47388198394241104,4.431445352907727,1
-0.6994003024532,-4.543420505864532,2.7893830763101115,-0.15544386521930315,-0.8013983323546676,-0.5610103880723134,0.6329111238573251,1.198499069216329,4.839353458065408,5.044403202580292,-1.566563687563857,0.8931542489318862,-1.0441186730800347,0.20041546213666478,-7.088976976576384,-6.07086940470101,1.0291472667412025,0.5307257933478272,4.830050656842891,0.9394956278239357,-0.8781907377250626,2.552399540445203,-0.2495374209156329,-5.616536343520496,-1.1760164166360685,-0.9424805967882696,-1.1405281166202714,-3.4041687455224148,1.1236648416521022,0.1633342812572008,-1.0761600642087161,1.9963303490907118,0.4193342035611389,-5.873668352818205,-3.3334211132916773,-0.2212000473596784,2.3564017663133794,0.5386474441229386,-4.084934764645665,-0.5488644511130085,0.5737983281385981,3.240228347143301,2.464746866634173,-0.42052539523820087,-8.437873747848222,0.07846234986169312,-9.590335977457714,2.02814387549792,-3.665289491079891,-2.343418562432709,-1.7722095050317477,-0.7206992641877952,0.09361182127795284,-9.849589122102241,2.5836381409962437,-1.399149900674034,4.2187088182726775,1.701496866498871,0.7339561814014999,0.5702332685992079,-1.054825189763473,-0.3465796800374257,2.5985269117276744,0.8232290386592542,5.845421492549113,0.9274993894128698,0.12641933550430098,2.9343092057691886,0.6192395162091675,-4.5626103977825885,1.1781217181398584,-1.3539136013466275,-5.373919495689271,-3.021049967486441,-0.4859862125440885,-6.112160462960437,0.657864060822886,0.8412600893264587,-0.8146425060450813,0.24991323335517535,0.32370850380726807,-5.949274805497515,2.6256113743302816,2.0098393145167304,0.44960913416163606,-0.49607461792153573,0.28210668750058665,-1.4583145657822087,0.6974094098436731,-2.5325252592488745,0.15141377266884806,3.987887112322042,1.9343833436534814,-2.1400856279498703,0.6227543006808678,1.873219733362294,-7.74917284820609,7.2673657473325735,0.08252949056416695,4.880080580281563,0
0.06425352449763033,-1.8158630778201736,2.529934295480166,0.49747198142273535,0.7709434820178961,12.440327832789462,0.3374514325906238,-0.3693541909486138,-5.553374902853649,2.3412884048190046,-0.9748373861983074,1.8793636538298968,4.447021373146363,-0.32490167499662387,3.6978635732386467,1.1591612331345493,-1.487346214757177,6.559154779553645,-0.20149218130664104,-1.1009999766219751,2.2063084993407363,-0.8979717561859104,-9.0223795720599,-1.2976832322019334,-1.4235221812001244,0.7248045305724653,0.8143364950021652,8.499393132214294,0.9534054150677657,-0.7420991076813167,0.3307053837337088,1.3367874572896223,-0.020915524837686997,0.7814080321440231,-7.458862757405959,1.1375870724690114,-10.611227924271162,-1.3804558034105139,1.3757124229068391,-0.6651636479729341,-1.2528799336979721,6.585812030832718,7.354735581355136,7.0435510365094665,-0.8173763083869278,-0.5897331916847615,1.3939714870318776,2.919914135685385,-1.4876552141117592,0.750465301703465,-0.9138462216996359,-1.5572346253230396,-0.5026039711769983,0.0593126064166527,-12.87103993038121,-0.42484758581208176,0.0047869269277716064,3.734222054615486,-0.8865869582217926,0.21407023412252235,0.22485243074463646,0.43732774459984997,1.1951736323264224,0.7703433598694175,-14.129915272483146,1.286991634645862,-0.3909162409734295,3.358594292189363,-0.4605035697708131,-2.5348042320458752,0.11921461239095188,0.9522105272148138,5.532585183734498,-2.905452725536076,-1.1299506774517112,-1.0583681234720084,0.39422849437123897,0.04632608224288684,3.946117920563075,-0.8358211455967866,-0.9667740999415573,1.7161905983462704,4.698625795069285,-3.0334133756500585,4.1913042853292115,0.3471505502879728,-1.7387100218613394,4.75698629182048,1.419999602767998,-1.0933993556360757,-0.5168767562893819,1.818781439459701,1.511891189383172,1.7898244495230953,-0.6735867144918349,-1.5372524734178925,8.033828208490453,-4.643400938300868,0.2028400647009076,9.1651359030582,2
0.7047578420163879,-9.751322153552849,-1.398875068527596,2.0581543784730716,1.6287350204558952,-1.9167638344440663,0.2687466872438718,-0.7679194350512665,-0.10746191792579851,-0.6662973509208108,1.0095211721778952,1.809169152738546,-0.4720616214384803,-0.48338563476636953,-2.7748743990895535,-4.9112275071523905,4.956121921882378,-6.7079315726268565,-1.8587368614505264,13.657730690735068,1.8718834470164027,0.32350580429500675,2.88633681299404,-3.4646745562979624,-0.7059293560948946,-0.34724599487946733,-0.022982535767149148,0.8215727908240282,0.09109138618914239,0.9744997719030443,-1.6971931464765555,0.5921776916434225,-0.039943716238246336,-2.2488289567897937,-2.280425314833742,0.269137487450312,0.8999049908655157,2.1284363110383975,-6.982358072303121,-0.12777197838957804,0.6137149224165386,-0.9950352620345955,-5.996347237119143,2.1529778354350855,-5.107089595284113,0.36673630430270177,-9.448440812874786,3.7270167139321337,-8.038907604196869,-2.011840367423458,-0.5250761810550423,0.22236008768813295,1.834012479829909,-2.963945611167804,3.849543056263463,0.8496938730092232,-10.097859199732738,-3.2093494152908475,0.5957607937175898,-0.7811976845387406,-0.8976541477356634,-0.9695625790658493,5.925863863427827,-1.5106439276935146,-0.8249079071096208,-0.18745100622460847,-0.797361064770381,4.2844349704267355,-0.49975739680961595,1.9874981067908148,-0.9624968333577745,0.2893084619172769,-7.9030014946665395,5.383736659725517,-0.10684040895982451,-7.384119552446862,1.1699153802422781,0.5683656178672224,2.0426482916644626,0.2612272657407812,-0.879070514119126,-6.760367221173839,10.20663777088715,2.824146266401323,-1.042286524295922,0.994423257852444,-0.1271143691185752,-3.1391919934260337,0.9723305921355642,-11.723430567172715,-1.3861272914656648,-1.5915668385687987,1.4851771710485784,0.14322739302574955,-3.707609675505923,-1.3288544624325194,2.927701292209484,-6.370156315782996,-0.4214808642288768,0.23331025185764176,0
0.9703641610541581,-0.9927521087303586,-1.123673973715371,-0.516006093012323,-1.0538209059857648,-4.997022748969167,-0.07558751562990737,-0.7390529903437395,0.96256763316885,5.492910572146177,0.09534687986230775,0.09368079892255358,-0.12440118931666,-0.23632298631553858,-3.67957529577485,0.5929330674242603,-4.063508554225726,-4.602549926548586,1.7422955637069255,-0.23082678860259986,1.7661584713693252,1.2386137209020782,-3.0042013922408937,3.742181853730135,0.5249115996044332,-2.289672176129661,1.3690478357621787,-2.1982882873737557,1.996812731118014,0.25676856677212434,-0.048564896995789565,-1.291442268420499,-0.4469050864480163,-0.4804708137187341,-4.264691054608541,0.5956356092758046,2.446439153707173,1.3876327455508677,1.9385531903725277,0.40638314628242944,2.721790562163597,1.2590761034840066,-3.2918542733479965,-0.17967500550203952,-3.7519535992764754,1.05522036653008,4.2654832884795795,-1.0538966801224534,3.9549648621198075,-2.1277081398458693,0.9537429409704167,-0.8476526050823302,-0.07972944262956094,-6.243706905460607,0.5235523938000379,0.9099398046399861,3.1039551924919264,1.4193449742800022,0.18854692886822708,-1.4320305814308159,0.8771071418309707,0.16920337132031393,2.146700293539877,-0.2551249149962721,2.4245724141506795,-1.1962211413298773,-0.9620960319508496,3.235888062368273,-0.3135501097290745,-1.1529758205746126,0.1527289957189856,-0.015320488002064422,-5.293804093797805,-1.2478200819011342,-0.993992348072561,5.2657707962937135,1.0263418469684729,1.0234636159912116,-0.9581039693681928,-1.1223383184178066,0.995001613579502,-5.608814437859565,0.15733328813352765,-1.5333913494005413,-9.037949826444274,-0.7773760482360718,-0.24843039158533334,3.103862687623936,-1.213497424014963,-0.9482953643747081,0.5719553610689616,6.340847320508683,0.5964444305039784,0.3246367626304281,-4.093474915441228,0.04352793914780773,0.7934331659661256,-2.448482759287683,-0.26095575811084337,-0.6748567412709034,2
1.35822936685057,1.4377599153647895,0.17851252316855662,-0.5156465146832393,-0.11514686577374003,-2.1726745743706055,-0.39337384098529565,-0.11081763291095553,-1.3227430686402433,6.735725816400596,-1.7013544260474869,-1.330963675450274,8.569760868438731,0.14709377751597405,-0.3358595969729572,-0.7214029334516905,-3.9928434403062196,2.4212515791827918,1.3635960606870094,2.3256955177848972,1.5754656056778689,0.49677216945625374,-2.3491901345885946,-5.595765644947344,-1.7163395047453291,-1.142739176629502,5.278402041742027,1.1010263342614304,-1.9354868863421166,0.4733881091430996,0.31378996236515316,-1.1913031721544163,1.3332513150817982,-0.7120952499980837,2.678107304545605,0.5680320083261827,-0.5229034472643264,0.15226859543718022,-8.560802069328759,-0.197599232681938,1.1121657655111274,-4.831478606562075,-4.314314887062373,3.7061601972483844,-0.6224029122018948,-0.17791943912865546,6.209015497703155,5.619256812939182,-0.3825381015842867,0.11002269920242036,-0.1561555264273905,0.6141798132899833,-1.4958659895018525,-4.920665540320174,-3.3451107120469823,-0.31397445537559004,3.325037636197977,-3.45961725567072,-0.7673371379666946,-1.4176617010432477,-0.5990281969432951,0.5820195034448742,-7.504430381402994,1.4477677547610788,-1.2760611467132073,-0.9146210744499601,-0.75023725290084,1.6851250776106173,0.3572214130965648,0.39887545230709875,0.2605621710321032,-0.4970828528405813,-1.1002519612339943,-0.6640878819476015,2.083308198381021,0.2030338573888495,-0.7920031099687947,0.7083492052184712,-4.525624440491715,1.242633555714127,2.7091480384413593,7.84269592297635,1.8802171616872942,4.251815568693776,-10.59830626889881,1.3323579186703305,-0.6456413312169402,-6.226453833004534,0.8880761939668026,-0.6920987971475694,0.13648882563762751,-3.2125664466475765,0.0035126033564059143,-0.37440259787812324,1.5039132472800132,-1.1920204188403087,0.8221338170573267,1.8634158145928015,-0.9991408702994811,-2.3281977807778813,1
-0.15611184791524738,-2.8561878449890763,0.3211062659713923,0.9366011873028224,0.7515479173392571,0.6265420096066148,-0.17786958384099352,0.25378069713342327,5.315271202759437,4.384635141707124,-1.7395490708693502,-1.997964217094956,2.7219878228104095,-0.546146644454995,0.19412475615450653,0.4330504642394155,-4.984177037279186,0.7707801520168502,9.148686096487328,1.775202675283619,-1.1675865987206195,0.6574073341248575,-0.744164881570367,5.267979120000698,-0.6716204396599949,0.801038202157953,-1.7918595077300585,0.23023289864256125,0.5652565581519564,2.0291904615969365,1.5973288574389988,-0.589932841048618,0.16490514469839204,-3.5372317568923206,-7.553166304240353,0.22318130854751453,-5.2396101175121625,-1.1300671816814567,-5.930020358244663,-0.05020035339860247,1.6255466170146857,4.284727495851004,1.0002302009469541,-2.854065369209121,4.972630992890615,0.9070249571023293,6.498174616562558,-3.870170189587803,-8.787242966180433,8.315906583854932,-2.084980182493522,0.22651122130734452,2.3118143468659538,4.781063899597533,-5.830789397183141,0.58776845973819,2.62327788880928,2.2815207786960814,-0.04662617430225486,-1.170841521110672,-0.33900013956619657,-0.18712501460509276,0.455826032431078,1.7703535841826683,-2.2134677295081033,0.8891304699079489,-1.607262041677602,-5.049337548332023,0.2298321421768022,-6.1054181407386565,-0.06647749786080603,1.9081675182723297,-2.991615199312534,2.5672960180964557,-1.5695314128509628,2.2575883050136483,0.7405864591387814,-1.4694904705161072,3.6110760580227854,-0.9151311121429953,0.7346470821387615,-4.689046616076689,0.12192229563961088,-7.748053432180779,-8.457684576107319,-0.16848379912680891,-1.2938452235252182,-0.5397900631268708,0.21157067770244786,1.591440694727765,-0.255579336256424,0.06719435581946887,-0.6554704256375236,-0.37765018967468994,-0.2591097251310277,0.6591288421852974,-0.2870565656407096,-3.03500032607901,0.07311116931119667,2.1661900997610664,0
0.4080406941153337,-7.609922948292774,-2.027400895744585,-0.9683145353882014,-1.4926545334590493,8.523354399578846,0.31886445033436717,-0.5852584507670113,6.199996593108774,-6.886342470057565,-0.6158959034848955,-1.0018894208519202,-2.7036497354260303,0.15824021156123433,2.4225385774201613,1.648696344766119,0.2533601967341341,0.29101391576381697,1.6680943202988197,5.820556295458769,-1.1395906415747767,-0.34155773261153527,-2.645562272806935,-2.2716309779734347,-1.5309821897385183,-0.05135195353324198,-6.349941522266109,6.630210788725465,1.098214805263703,0.9554337192263729,-1.1009987826604009,0.49277060952613394,-0.5592539392391446,5.842136840139785,-1.7399966537499463,-0.23521955102269712,-0.2388040989584015,-1.33435569131402,0.005571733798692247,-0.45187703028312626,-0.9446669858182613,-6.338592129876197,4.8957350247992295,-1.2891817006336956,-3.599750672217111,0.26580670524973093,3.2026594537961044,2.5123786157245216,-4.11801434436871,-0.09937562257625443,-0.512793522694879,0.8755435611752664,0.5596399676155418,-5.562286586894965,-6.864927679671361,1.940214556504567,-0.3552459565858648,-8.134791553530263,-1.6394011051982498,-0.02990138125223247,-1.0807547271347837,-0.09226638702001162,-3.639520589487736,-0.2380511628820408,8.65052454137073,0.009361074721911378,0.2415240232433251,5.86297534417551,0.5734212004636545,-3.5586064952054777,-2.013365573073814,-1.7814851515552699,-7.755716031454202,-3.759037576734674,-0.16509656869222392,-1.731175992114981,0.6351147474402664,1.4341170261461453,-3.3346739592397254,-0.2477599602050687,1.5323577107284936,-2.806319803318146,1.9533941187044164,-3.4064280891017864,-4.699274812208137,0.734201582908935,1.9926218945770569,-8.991380921950544,0.5924514188292187,-2.348649750290312,1.8346816425735029,1.1163321457687783,-0.9398008057429394,-0.644324292336572,3.0204035807395186,1.0139767207010284,-4.876796888744725,12.067648947555554,-0.12316635872111552,0.3649777162691489,0
-1.5954532059601125,3.1290254181654547,1.1444073683652658,1.2974574554731477,-0.3351198829370793,4.3643034282811515,-0.7218925808555163,-1.1440889578754063,3.95105752633215,-1.4389674347199186,1.4205337103977793,-0.8125261608095633,-2.1054769263112156,1.8274443702966368,-1.5294661600479258,-4.703488706590583,-3.2006267092683363,-1.4360481296465286,-5.624248595555044,-2.9435312830705724,-2.002934723384384,0.04852808629457538,3.2709768950486646,0.7974117645447749,-0.8680736521675261,1.4538090646931203,2.1568921018904677,1.592801154190132,-0.37449014305304934,0.7271981371966839,0.053683177236356835,-0.7220079282579915,0.05893014435405208,1.9366207563152673,-0.9127616659160566,-2.207345333644877,4.956166218715863,0.9812962413184732,4.194431080855526,-0.24317732871492903,-1.046529499827591,-2.8307924131483686,5.7366981912805235,-4.9913296464385315,-3.78097107276878,-1.4439514245463367,0.26138718034154884,-0.2755832067101658,2.938782235966247,-5.6496117070009015,-0.23384893313570937,-0.04225301938195091,-0.17691723169104623,-0.284323466890666,2.4829760036224875,-1.0177441495420088,-0.14382047235573525,3.2469971063255585,0.7051290038882997,1.9326673764011988,-1.238442068788038,0.3657817738546862,-0.4331579539521724,-0.14093582937295335,0.8957441153135428,1.2239965994381383,-0.007832850693671638,-4.149278989108789,0.4101956156237803,6.267982995207589,-0.9855558882828038,-0.8552363943126209,-4.537499478854287,-4.214086383619703,1.0184076980775973,3.4371283117281743,0.23901751079700648,0.6692225280920948,-1.3608647711765443,0.617299114920395,0.37684851642014744,3.0982145124344758,-1.892210806721633,1.4612302240811221,-3.0593396769473378,0.5406512646924493,0.8367588268692385,-0.011636556686961286,-0.548366876786663,-0.20908719404893272,-0.11570359023778565,2.964224906551926,0.633658646504449,0.36328785740983804,-0.48819499464361715,0.604059729295797,-1.841675878268679,3.2729345227657487,0.6812296773256508,-2.040329699796614,0
-0.9142757411511213,-10.605121187660545,0.35267080078636026,-0.4245521126677098,0.3349726889330098,10.712017962799992,0.6749450961317013,-0.008308338433882479,-6.430371097689636,-2.417800896946295,-0.7700932292166557,0.5284149605924711,8.283097969517629,1.38429930032458,5.770858225333906,2.3893858285680887,-1.3264966504484885,-1.685841546617247,-7.213559180407409,1.731806014887288,-0.8407275569250386,0.504991153347082,6.219791764090605,4.721940335400767,-1.4144175995129895,1.032790620661009,-1.2208209659814666,-1.918179390587782,-0.9032397099180718,2.0728809958638093,-0.16223186925919936,-0.11247235549208653,0.9604322781887669,-3.662472173093489,6.025588631062892,2.180455650416147,0.9683048513961783,0.9897214634493134,12.046331307100019,-1.0580540010654373,1.8652079144850773,3.4156601707592267,-1.0824770116423816,-4.973584556030862,-4.808478411860992,0.5110049473737186,-3.177586852874511,3.6669127003616944,-3.8168141251836003,-6.892155264687511,-0.06041777938260099,-0.350448292157604,0.7483973322556262,3.3326611772703245,5.175708564078175,-0.08492349264662892,-8.598608253786052,1.997312908354627,-1.315013720424931,1.116503541013517,-1.6721535016535096,0.6036960036341508,-6.643912334179456,-0.11382003769741686,2.4587462447552944,0.1017126368550771,-0.16012141859303253,-2.707247136423836,-0.49846112693203615,-2.1487806205458932,-1.2831520206278715,-0.4699056890919198,-0.24832814400066916,-5.535644551966613,0.2639861765649758,-11.771178846871765,1.6545259282003635,1.0830623869739262,-8.970027578882362,-1.4582765852022852,-2.0637636614155737,4.171605812393926,-2.940602404835581,-6.467373097854181,-1.1627132171316865,-1.8639574237261125,-1.8826684934784954,-0.12174607533991533,-0.795750217361197,5.682263760406311,1.0266219268650498,9.188972858826956,-0.9799101863680104,-0.6859508551349413,4.682509905232223,1.2265272719524698,5.1883207704766265,-11.27196358889216,0.04875261364187667,-5.148564713777676,2
0.21527266017294655,5.0751803696940385,0.5656583276740696,0.03549107881148458,0.02347247057274345,-4.890428446305286,-1.0290327669111552,1.233339887476958,-1.4043036456073459,1.8621498406847334,-0.16311800458222733,0.1252875636187204,0.49439349945531186,1.7360718262772956,-0.9911994953578958,1.1962372071058105,-6.76206327588593,-2.7329020096245844,-2.6551210668248277,-0.812788028221284,-1.014179761365164,-1.3109711576893814,-4.9973027153146,6.307121056808565,-0.3367642203421805,-0.9681198880159536,-2.32639363210267,4.8234935619753925,0.589242161327917,-0.058580696561663655,1.8719602852667132,0.2960320938176588,-2.8538585543901864,-2.3555651637896986,-0.6877320182378189,-0.1932330365503041,3.7427271149681545,-0.47360848451095006,-1.484948499704561,1.2462156014975934,0.6913017592206313,-2.9922651716212405,-1.9449411559651684,5.628144155917357,-8.56486602743908,-2.1396621401948983,0.6124534478630408,0.5906043443951633,9.577083890585428,-8.296330336922084,0.6740039952614557,0.3234688798759662,-0.48045912395685064,-3.519166240885562,-2.239413727510396,1.739676812823316,3.4921933745492835,-0.4638692180301911,-1.0981145818635418,-0.2370196365848279,0.52466923664248,0.3810730563333273,1.5343653580794143,-0.7012965107191232,-1.614265555675499,0.2165043327527392,0.263269206073114,-0.28467511080072594,1.2231698776576372,3.93179300770832,0.6508032869974503,-1.6211875873693835,-10.06051591093561,-7.281136438509629,-0.028420207832229274,-2.4037986490379484,2.3018591238919033,-0.7984135198749053,-5.729810083233877,1.7004616709670377,0.8160153967301578,6.613378080372727,-8.303684396707956,0.5034283155641721,2.7373727769573595,0.694431890500317,0.7687482158797381,3.6715817524768353,1.982379736519201,-4.070892533244724,1.1333870569359348,3.968165615823815,-1.4936886271944818,0.7737873341831947,-0.9123762278501811,-0.708712575248408,-1.1509119633822757,-9.523137634802588,-0.10766773329663883,-1.6763309195250844,2
-0.4999185367091649,-1.1053634509037655,0.3043928788091682,-0.36015904517444397,0.448597013101627,-0.8438485565489282,-1.092726094429682,-0.8396583806676438,-6.896840634379466,7.939872263697587,-0.9675872054700548,-0.28576722907146646,-5.0993137083417555,-1.517006559135887,-2.625789317333192,0.7333668752425759,0.9360557693754745,-0.3530345267349726,4.238268318117224,-3.7009040340836155,0.06762710503063409,-2.3593716288836735,-0.7464147040910074,3.3527108284024836,0.6299759646306013,0.7438409657564815,1.8178578082747008,6.104879123887578,0.13764507814633659,-0.33862706956068134,-0.8830928628751309,0.09801208316889405,1.0108688155344505,-2.3966073578922806,4.926751301994844,-1.1094564098493327,1.126856077353735,-0.6206417495662842,1.0576270972298265,-0.0010293841830022353,-0.1466815366775736,1.509543895966928,1.176215092403462,7.885732463741883,5.295547987547183,-0.32409623060130244,-7.616617722860231,0.5960685879799739,5.906266147393916,-3.328679821302668,-0.7999870635899828,1.2678536751329332,1.312109961377685,0.4762150721449654,13.249839490795436,-0.6096564759669624,4.0087309304142895,1.9460333192218053,0.794714005400111,-0.03104158725453993,0.5777959990927206,0.37197809500198,-1.2267774983968698,0.16115771451809702,8.842446668406778,0.6862702620254114,0.7211952075204294,-1.7241270581116153,-2.124799542971647,-1.9266281030350307,1.0078788108099987,-0.9137266312713652,3.168222903941425,11.278496485531308,-0.6515166415733562,10.480872125711002,0.04115904765668446,1.323345641357125,-7.552551825490937,0.15415505635741725,-1.6123367866903213,6.083214281036994,0.15097225182456286,1.530982474625468,2.306072954196794,1.3544085611578012,0.021840738937414145,3.0367976083229093,0.008230805396726836,7.527741537376949,0.0015238443167209159,-3.0339998530577468,1.6264593793936726,0.6276786975416843,-5.402665492749119,0.46405494699283006,5.290007954090552,-7.064208145130525,-0.3721815132581293,-3.853566598013434,0
-2.0670916381295483,-1.36410378936533,1.2256320032390904,-0.4972931759441124,1.5262185615094257,1.148018024720607,1.1941113626370254,1.384560354385863,0.8612302832349525,-0.7476576418730931,0.4478227038282496,-1.2406165158640405,-0.06167811611707674,0.02017932394575961,7.472605364394498,-0.4541918194452723,-0.16828097867223968,-1.5170903336979449,-1.9698975793515574,6.876037518982795,-0.6885604441823628,0.595199236775025,-2.9010909326640735,-1.148453111104616,0.8692066984392621,1.0460746605215938,-2.444020997977174,-1.4916887569267532,-0.10099629817951891,-0.7267495963854205,0.7398650192628068,-0.28982506235230115,1.3290215319691263,-0.5902583702936818,0.4351655764846878,0.4807128218261891,3.1170796401387486,1.1570596375932347,-2.716006962783929,0.27112535587768977,1.1747514164337178,-5.23086811657331,-3.9664942048100373,-3.474971480916963,-5.966562210215598,-0.43379581230382946,-0.6974985525059376,-3.4204335881548515,-0.763303144052784,-10.737857776861977,0.5478031790243548,0.14287499738969628,1.2660296432961315,-5.344990253792784,1.9681437840538853,0.5235178400814641,1.6651078986561472,-3.0667290062968955,0.8700949675112746,-0.687276694208353,1.060628588119869,0.2759310844991666,-0.33569408658932987,-0.9988103813880647,4.472616217917192,-1.1111176936905218,0.9958660098951838,3.2014490658392387,-0.20414596201150947,1.9019515791698272,-1.9050537469172752,0.4384965698481348,-5.521171289272835,-2.427872698107585,-1.5144699514424995,2.384960861253679,-0.5402187026713949,-0.17360713303175568,-2.4774884830310295,0.34757799513407595,-1.2291232754212769,2.296702313457902,7.468342195750063,0.6309415974883303,-4.893604376969695,-0.9769024166176741,0.03017354291547408,0.49075309084760543,-0.9355324637296962,-4.59455972757053,-0.5807107202082742,2.782730246272582,0.49062171847020597,0.5463304175811411,-0.5406764100752204,-0.23220856651625207,3.51829989895729,-0.43761608766397586,0.3660438081135653,-3.3509991219463755,0
0.24007606595141176,-1.2368001827422652,-0.7115290284445522,-0.658276841942893,0.06574669179135471,-3.8548769208260687,0.4704892585164449,-1.2895452276906463,1.21484627056976,2.296442726447414,0.12193125596467978,0.11701738854043332,3.038062057595564,-0.4144129398414865,-8.653702199166343,3.04525937950088,0.11098781870432894,-4.533854566054146,3.4620098539580586,4.246129128742725,-1.5045295090613366,-0.023350570828398403,-1.9864248609552393,-7.480853453032687,-0.35596924260461343,-1.1048117341216985,5.204095503875064,3.031591137107609,-0.47490033595755266,0.2447896560265425,-0.9166474974503197,0.5772611550820238,-1.0067238884174572,-4.193243472360686,-7.696212788574177,-2.1947653097331297,-1.3260083967362153,-0.935835168564757,-0.8544241375199062,-1.24143547169772,-0.6832987939668186,-1.0490169744868416,2.331301933437858,-3.093347168806239,-0.8819801529334343,-0.6085726783598524,2.0325649128008503,-7.734508428580101,-4.005656878419522,-0.3330983254734381,0.24896381455581298,-0.38746063895590144,1.703541054938803,8.77121282001407,-3.706121811467348,-0.23249771096125432,-2.133957064779972,-2.6969034305688884,0.8120266589032502,0.5750662736267872,-0.037983706307723575,-0.8377115072262915,-13.19880104675554,-0.48310857954538394,-2.1158730789662994,1.3473109080702417,-0.08406805125675132,-3.97435050474387,-0.7766747689241625,-8.74579549073835,1.6357263616128905,0.6009119925899359,2.066626126389332,-3.7688858806665184,0.5179669310057755,-2.7189986111470335,-0.21597464636047506,-1.0037837261357572,-1.1250769299337007,0.08881386100644638,0.3846262381037806,6.4037386350836405,0.08977515471901354,-1.5696594049111314,0.7981661756148848,-0.9819674323414912,0.13668575220111176,1.898703983729324,-0.02058913524352754,-2.514251083368097,1.1973427366125362,4.777653058504797,0.49723840609629594,-0.7561462029469764,2.047945623100477,-1.699279825274526,4.085512707297349,-2.84468366785415,0.5609182314874503,-6.583342551124512,1
-0.02501619195694314,-5.849010502573254,-0.6012028717787635,-1.6094220376171637,0.6299242234151391,2.061181957010941,-0.891411259007379,1.121533089202968,2.539754528780131,-0.30464582646558336,-0.08611068784938926,-0.17006301100679574,-2.3812228905189814,-0.8183249247812158,1.2699489132731352,-3.704981458095546,-2.77691360860723,-1.8277687990858378,1.7900401357888656,-10.437493921775745,-0.1875889387098348,1.0444463150411682,-0.15156013324681028,1.4787844454265144,-0.1968544560663218,0.6184679064951737,9.526832191915787,1.8840250324581347,1.3015027954478808,-0.8378030968180916,1.0716555867367794,2.0542467565999214,0.39887532489768124,-0.4845168482744,-1.9929759128323004,0.19086721600754353,-4.986546777384933,-0.1347530895971162,-9.09960291524685,-0.3689846937779641,1.3157528608103168,-1.564427192503112,-3.0725523786998066,5.315236445232644,-1.093557226824087,1.156777874908941,-3.8856436096088487,-2.019903447365701,3.5338097932790697,5.107831415562979,-0.628188394082012,0.658066279683265,0.25925664885883615,-1.8643438649473647,5.063710340532008,-1.5703353282522452,4.680006577099695,1.7993918740382702,-0.5510309382810379,1.0244096100097273,-1.5276435694186972,0.46810708737240214,0.000686527607698606,-1.0600640169806788,-1.5879981014856996,-1.3651395614250204,0.19351520765317604,4.016806505110434,-0.6933937870552712,2.3838357390075293,0.32245788730342717,1.405315566409377,-2.5751855527793324,-1.5669063030499737,0.46075540367474527,3.5835631092030384,-0.49024631554982295,-0.2824126359306006,-1.3796978161885507,-0.6346608356868537,-0.9866009114003119,-6.443281136084823,6.694077151129663,8.288842672882552,-1.8407166619202049,0.03841042542359359,-1.2898053242368952,-2.1404297381973825,1.003679930524577,-0.4849028515744007,1.0041539233271561,-0.21832567292719673,0.4158981776802608,0.9996838899967614,0.9994536363492164,-0.6818239027521473,4.630409282718702,-0.9114067486755764,-0.12475739357785089,2.019388978224717,0
0.03711958938474893,-2.815582210770716,0.7690713280874106,-1.0428685133818691,0.6963324092850813,2.809532183809104,-0.19130561490985812,1.766133127446174,-0.8863242420034707,3.3251348749540472,0.40915189937049434,1.9529732545356318,-6.324872182921336,-0.6514119009445083,-2.8909367027038075,1.1886384617994303,1.534351431891687,-1.0852828833741022,0.6371104436401471,-5.851548925856333,1.2330128764605757,0.9286082896864184,-0.006581619900031144,-1.4593875710536768,0.24126434658837184,-1.7913132952408455,5.352886057056236,-0.37392921060675555,0.06322872492377489,-0.29218618127013546,1.4783822622348648,0.12568146952804754,0.3487450075531775,-6.409654992456685,6.370049564309862,-0.8679277373628055,6.009214734769834,-0.8827790292653497,-1.8673305261205644,-0.2192255370051525,-0.7858392258013525,7.227113428309143,-3.3848895738542453,-1.523317227931309,2.0663608274886487,0.07558311570004903,-6.198244001370019,2.0016117106278504,-0.8449567833214515,-0.7738867002669227,1.054781828297801,0.03587891779083129,-0.22052029387461317,-2.0774578714202865,6.045666583709005,-0.41451762162762956,-5.174888636495543,7.801374026053428,0.17340465276958159,-1.226521946660792,-0.04665727872130944,0.24587627563729986,-1.3947131430883277,-1.1202319144618555,7.435862516063429,-0.1875842745165916,-0.018371184286280123,-1.7216418897261812,0.3693259725908762,0.08920827899772732,0.9972931284435752,-1.1578362801307531,-2.8565666652998596,2.2484088994579925,1.627809973006879,0.33397283078722206,-0.0877341137370586,-1.0297275484011106,0.0744541433893422,-0.016784717255679975,-0.9688051960883827,-4.198123445321186,-5.477908368416812,2.595315185821908,-2.075540949884094,0.6509120788890564,-0.4799345545995692,-4.776638354639163,1.1564061626998823,-6.285841721082126,2.387294792426495,-3.394919350741983,1.92375473704033,0.5935395687993362,-5.201029595393837,0.01026566479277996,0.24281577007004285,-0.7127574078048321,1.349216040986467,-6.451923219375019,2
1.5697667291697006,4.973058102516879,-0.8541337191845085,1.0297469060200601,0.9026806789191532,4.898304746689508,-0.0967796119614551,-0.8941187456029223,4.538988665710848,-4.716305406230736,-0.9097926880162449,-0.9716830152588388,4.345529538985808,0.4668479241209964,1.3591367721710106,2.4879922455343513,-0.5871677107953588,2.6241614334589913,4.312689759888075,-1.3634302221242747,0.341476902119743,-0.8413435456903546,-3.3133263760653646,-1.9286938466209793,-0.7187195167551659,0.18923417201858161,4.6200647760568785,0.8629031991379515,1.6628537572335644,-0.1689652336663142,0.5138166257908869,0.14189366912446988,0.061028217537922945,-1.687193969792008,-0.30371150242841893,0.5049790027494095,-2.65088942421897,0.323191294276614,-2.871221637016009,1.8053470566259326,1.4776614553312153,-6.466250800020311,-5.515083884970368,-0.1407650894599355,6.281187367563214,-0.6682383966493856,-3.4984973482662256,2.3293480767085155,-0.17535487162407215,0.19044607501680266,-0.6324245281538777,0.3521360369487054,0.6503947764610988,1.0303519267753427,0.49963423029330856,-1.0605513854934083,-0.9080567145863632,0.6748506945187533,-1.4931882225098314,0.9843006323021455,-1.1246873582730836,1.415589288981874,4.214625953915728,-2.6469104966943533,-1.6702219331000823,-0.6409045265707962,-0.444304868115177,0.5551506406694764,0.30086946936235015,-4.059383890724645,0.575215014912113,-0.9440731806324839,1.8045462108839674,4.332614093080049,-0.27736470572772925,-3.5998423056067654,-1.313273077727635,0.7722743456055975,3.6066208302985547,0.42708697012123736,0.3079103837717006,-4.479546043498142,0.06311182420399053,0.8787612521615829,1.7335827147329175,0.6093435728746739,-1.1116151179677531,-4.6183702317228486,-0.8633374462501062,-0.2586922898785504,-0.20460263738235224,3.7084849875380033,0.392195482630599,0.08529485409600732,-4.595467219342929,2.11288643695939,0.23224183248338415,-3.6449246916773026,-1.3944695874827688,-5.95918376402491,1
0.9062029301760668,3.688442953525329,0.5490886437490895,-0.016188793787473718,-0.09635872878112789,2.3596052191458528,1.0269291422399875,0.8367361113518842,-4.424305375937601,-4.170854937858016,-1.0204299783985664,-2.1427021951904326,8.188992832279851,0.3541589646654414,-0.6213108397955117,9.37469041632849,5.6263054032416555,4.047200041971211,-2.1502071452302265,-0.33147654917166247,0.5270842391295268,0.04639281555436322,0.47757076176181523,1.8400519431955877,-0.524747885539694,-2.3656783722997163,-0.5511508890037047,-0.11131050358085592,2.294645827995734,1.014659381215248,-0.16334505332730592,-0.4208561648868998,-1.0201466050091186,-4.716572021164176,-0.09679814799088238,-1.248294447224173,-4.065997939751683,1.2955283565422053,8.937613964099606,-0.03775188387267343,0.8380014510891355,-2.594847763376051,4.3965937393407515,2.978444983920753,-0.4512492249946941,0.834153319215777,-1.8464421513221487,-4.2486228151464,0.30614588649253305,1.7535128224417562,0.9218504245621356,-1.0156476019793756,-0.3344326199201089,0.003458562946811128,-0.4110128381214724,-1.482707847677856,6.361899594295411,-2.8151987980501705,0.1905121910768826,1.1695153287658555,0.8458685103480161,0.8258930596280082,-1.7818866562495788,-0.9454103202106188,4.843665248914144,0.23147094794634201,-0.5913296718587716,3.197658201743773,0.9726419921165287,-1.2509741947774766,0.3296847494177518,0.13441713461533686,1.3005509251132885,-1.2656873085020854,-0.4975559003001453,-1.1254507888478962,-0.24770343498351996,-0.272580129919995,-5.593057956277572,-0.6645898262084788,-2.517889191596225,2.599723839550201,0.10765674873709308,-2.9140962693188706,-0.665988990489816,0.38677310774812024,-1.1638596342227738,0.9057981186529094,-2.3629604451181883,-0.7155981438301884,-1.1510636508536765,1.310807156914905,-0.8727939858814479,0.9498695799743687,-2.6414957314084013,0.3321118296287237,4.3429533960279665,0.3702398551618984,1.2591192166621825,2.3151279200448127,2
-0.23605515937463706,-3.0647307306118106,-0.6485540887704971,-0.9476965108818616,0.2842417579369817,-6.156083795623131,1.619952671503463,-0.07366973124220189,-0.46956935474202166,6.879083469035754,-0.9250745399982694,0.05328375954949193,-1.9278954595250382,2.1018789089789927,-2.7206725911937557,-2.8548382625584408,-1.4715566556898154,5.06743958486557,4.643323326536647,-4.938767142795431,0.9632911883724886,1.0213149886152237,-0.058986532927883584,3.344875083262932,0.6138531578329963,0.18529823528753328,-0.6464457913386168,-0.9091275009208309,0.08729396461994862,-0.852924833326907,0.8721809907653264,-1.0722779958516602,1.6808939387408448,-0.8375790454294125,-1.6458863494350782,0.5726792390585144,-1.7856817711012103,-1.1291804797692842,-7.8640360561334965,0.3152423922941258,-0.16004113401360429,3.7848170855363565,-3.682286855188816,7.8679377491034455,-0.02134854722051016,0.5703026453128011,-0.10134190512782726,1.4097491859400173,7.363025918638219,1.279759321180269,1.4449546259547834,0.8822443274743451,0.3790687393029505,-5.889018961593995,-2.6926680283739524,1.787298861377758,0.8256634283889781,1.234401450576714,0.38423930986812804,-1.0643857417576192,-1.0275862659751245,-0.5799185931086526,0.005334736237498694,0.01416517361703012,-4.988780408084215,0.19418392792200126,-0.484923453854284,4.298134717527245,0.7034873983424643,4.5815002139803545,1.0583519945690654,2.270068045837359,-5.042504484382358,-0.05935837234237151,1.3078799193121613,5.327075514981967,-2.5549700715558625,0.33676910886530936,7.3516682754478575,-0.8304279527730472,0.8387438178498761,1.3593259320632227,4.111197029652361,-0.5208281371757761,-2.267025957659736,0.3502433274670835,-0.499201822652836,2.737854785594826,-0.5623184609085489,-0.8954169626926061,0.4806004885838972,5.829575376186257,0.22128442804025708,0.008291556605184413,1.9509988079753198,0.5589067183163405,-5.960399667569706,-5.081322551341473,-0.48714158269866303,0.20962518223222348,2
-0.5599340769569637,2.4977139214354542,-1.1440657970906138,2.0572017305789623,-1.3825594177286615,8.693102766682726,0.14656362239457885,0.005647407790216362,6.304481935857181,-2.1952536336754225,1.3005145692672213,0.5744835757686596,0.7024398669095119,-0.609223525093563,-5.117069050709732,-0.4946947869723253,-0.8840952710728756,2.5939712090645366,6.181871430884632,-3.5818702290365865,-0.2872258239778273,0.04474162255004743,4.11496326343067,0.17925973853971833,0.5939800366792449,0.9823653767611287,0.8781990700354815,1.961115394186334,-1.2962650458498428,-0.08507951134199843,1.3489160351754055,0.0013521048765315186,0.18140823005295012,1.6710848553948314,1.2974688963427772,-1.9313522502823661,2.468714928976055,-1.2589690261946498,0.7610551019990133,0.3991536394070714,0.08363894015279873,-8.415367380005701,-3.8545478764135037,-2.71325292180619,3.1709237414481724,-1.5420591178251062,0.14242414300657336,5.899866630753783,-0.31403990420360595,4.748988059083134,-1.080457304506086,1.044013893952479,1.2406217995233957,0.1664056724445393,4.842393036413356,0.5913698025047969,-3.0132942459646523,2.881961574806979,1.2171949307791488,0.4506595004857795,-0.21044315377379436,1.3026896433598205,1.2709318671449008,1.3158497729602845,8.406104270103487,-0.004118093291636055,-1.382091827281437,2.887266022255533,0.1840728115449709,5.174645004700231,0.2913977525876498,1.6462087361039959,3.6313855366579664,-5.707554346035556,1.6389223967395155,0.4839115033876904,-1.2585433599638631,0.29971989784243325,-0.3792666205667288,-0.8324875610014181,1.2354854493548828,-7.63533079408839,1.3910564527598517,6.831489287766144,0.01070585606402874,1.5549576548026955,-1.8317168772657666,-4.143400898254811,1.4839376136617228,2.480599789791191,-1.2905438913173914,1.7758051057533346,0.9065076980064244,0.023506799823983255,-5.139471644605091,0.7650793147043325,4.454388871821482,1.697807091831947,1.5050640179082206,-2.082517790040618,1
0.1223341940259824,2.5123840057018514,-0.15938599319481442,-0.8852202241086387,-0.2019707756155064,0.08078465191762851,1.236082232561453,-1.3089045776291424,-1.1683506122622225,2.5239537949247315,0.7539024348360088,0.9585244091798979,0.18053680024066376,1.314359100203446,-3.7507992621205513,-0.4763552931954703,5.608855684416572,8.997122539781195,4.736146886023955,-5.514684627550081,1.1878172334263788,-0.5718996107547295,5.6739697742668005,1.4066919382225267,0.28484246385279516,-0.6034240621613916,0.3413558985054299,-5.170207532066359,-0.5534000576877062,0.24281531994398112,1.0387562377535324,0.21076529448515935,0.23548625831044082,-1.862085627111264,-2.1676554323961597,0.8714695256755848,0.29073117775417656,0.24170121945162654,-0.9021562632247709,0.0022923893392213252,-2.5491017003530914,0.12885616231642816,0.8980095735235488,1.446018221345632,1.5047433106771915,0.5432165801936746,3.3214968334978234,-4.152306976327375,6.582451481536014,-0.28591945814775177,-0.11311647964540228,-0.009221772920207863,-0.12167438635394386,1.705163196043244,-3.5208056863790347,0.4694098338049804,4.878248686817619,4.645069453175839,1.4085761080702892,-0.7108885008317283,0.4706397235729987,-1.6451174350208633,0.6656804653288726,0.3111958773614191,3.844029819151703,0.902965285144261,-0.2744375057318376,5.2199279565424375,-0.17251211939358985,-2.2722915270077237,-1.4571215024494286,-0.8961038227457407,2.9382401521457244,-4.822951504846294,-0.07047000208917636,-1.7055197108550084,1.4805863531461174,-1.8495843820249653,3.7854832258521416,-0.7483280353592366,0.03783717256134105,4.356066967912269,1.6734143936771027,-0.5515418450956378,-4.257649341621108,1.0088205790644722,1.031071162866597,-8.139593804951478,0.7480509426687353,1.3518000184260126,-1.2001550504971774,-0.5138086651222551,2.331617832589069,-0.5849027721000679,2.5708734162055706,0.23714916078743073,-0.5098125219420899,0.29306162844316763,0.6234812248842864,-1.3031307754152492,0
-0.5838996126107495,-2.8838830766442327,0.6736612437167442,0.12054510091114617,-0.33443886459867755,3.1330812264724797,1.4652916134967002,0.8209485810849634,11.676910902425021,-0.02653329400063953,-1.017309887946893,-1.2531000354885131,-1.4494440121827856,-0.4619370606386274,3.8037978904657823,-3.3876527044386044,-0.06416554020158294,5.028239040011851,0.8986894641971797,6.676924618065501,-0.8577988590369608,0.0694442270864309,-0.10697120101125934,-5.910033770698658,0.07365414182552478,-1.2786809555748688,6.976987430814497,2.5784541878657525,-0.2507444748847165,1.0313086664877134,-0.008890328926261013,-0.9671150420794208,0.9618460070632805,-3.6053694540385526,-7.65264394079027,0.2990467822350086,-4.419141371849864,-0.2289070295407894,-2.4335946031257594,0.13293339192338624,0.9225512571661292,3.6346035056535806,-7.185691202216313,-2.378106884010234,2.625510473392203,2.3092976755198826,0.5495557314120945,7.198716924204199,-0.08984822328848541,6.799847463608348,-1.2907017133679863,-0.031440571250075454,-0.6659959000249603,-0.29532382491364073,-5.201679240534438,0.5882798323180662,9.241425709940932,2.6270657528122623,-0.5033969380298171,1.7446773280785421,-0.2646312402668841,0.04058302430548732,-3.9124279511998195,-0.3854070044243382,4.834508838311337,-0.7357081136384452,-0.6889604206281327,-0.6631752079201236,1.1048167891565814,5.653800162545524,-0.04584623483271132,0.10856123650812198,-2.8781041085410775,-0.955379802486268,-0.4837886458183594,-3.081455825607372,0.01121387584400899,-0.6325964935969929,-3.1218794010755335,-1.4958522445772389,0.590510624793615,0.37308295224576415,-4.133680800196428,3.018219384776499,-7.86333553483751,1.7222173797881501,-2.3126716175358233,0.2886796785791663,-0.8595955698659298,3.9538534001669365,-0.15352323087157704,-0.5682886703213408,-1.8555556019042514,-0.6271888665131827,-9.719011451977316,-0.19195896089149217,-3.1960506124783024,-0.9296190237377273,-1.8461433496999162,0.9915361815955805,1
0.7686924576771242,4.075820907363558,-0.1820551194497874,-0.6641054438858303,-0.10286617367276472,0.13794396459338565,0.5463808093490811,-0.1891604686803508,-1.8249009803506855,-3.1960069165890648,0.4862737916305226,-0.5038686684478643,-2.8664449024055587,1.076924780510316,-3.4358880732498647,0.23090738655184495,-0.08032533620001903,1.3704891582812981,-1.7958969266579103,-2.3352851133142165,0.0004259260609517537,0.8529965382814398,0.8291946868920603,4.324443669157951,-0.06745694125063732,-0.5319903857284471,10.622991822502769,5.891244213686833,-0.9643991332027015,0.10071840095249263,0.2585128205007926,-0.9408066744747337,-0.7736508056597564,2.7946840604635828,4.1713366181599385,-0.030559142614593842,-2.11029925392185,-0.9678194557151105,1.1143030225500836,1.1418404199540757,-1.5641862767480421,0.057521364349293114,6.160257407271364,0.12613761613359298,1.4029087386275996,-0.5003525774034419,0.18246605584044162,0.22081424971475583,1.735243463423088,0.8869617668150633,1.07592189241226,-0.8300684116218006,-0.7575267016723545,0.35451773424600397,5.17730194026565,0.3771399660815981,0.6550644136325716,-1.3006517979047156,3.3933940771126867,-1.50196660816948,0.6307873360757779,-0.10442772137144211,-2.586845984115607,-0.23122723370812612,6.391084590319719,-1.1978463962777288,-1.2878046393881601,5.128164683459247,0.1690325228188488,4.39688597771893,-0.13796292622953654,-0.2383604551786995,-0.9888843245317998,-2.0190241747457143,-1.7122212135587258,1.2532190231944877,0.21603114172536844,2.3885111922389046,-0.3697827251978498,0.6280978942195933,-1.4430284183499447,-5.469003820828217,7.680241268497245,-1.8545387383005938,2.3244324487419363,1.6509423113185913,0.8400396718153454,-4.208181934286,-0.6925251958004405,3.240528020265277,1.7488318037471222,0.512835982576802,-0.9347302869133476,0.7814558320569844,2.1266303909307758,-1.2925966390682366,-1.4523626756644443,-3.5208294308371997,-0.15713878066255105,-1.324933298857644,0
-0.13748903473153018,-1.331564176278854,-1.6338532322188695,0.46984285797168557,0.6604924410418239,1.2976873371731301,-0.7132340013985325,-1.3680146273565914,3.434688476409968,3.6736562655171836,-0.7157752751559371,-1.0010526195937623,-2.735957632710996,-1.694822374980754,-8.810415120023649,-12.469559348755006,-5.522682442164198,-2.6435566556880943,4.415051417779522,3.9313001864131216,0.2976773360021066,-0.8779661506959848,-0.2693245409652283,-0.12921478951032528,0.42072286306152334,-0.42294909122212565,-0.5056091386995545,-2.208601144071456,0.6961431944825475,1.386834700944032,0.7691080537245646,-0.8782657041083151,-1.384611111262306,-7.584536014236429,6.4307738740361025,0.5739173239617914,7.2352441848296705,1.2142039992146083,4.0850811194660475,0.28224919130615134,-0.16376831664856017,-7.1306950653450585,-3.896232664833784,9.751935226215178,-0.9688878785356844,0.7751444118168865,-5.188495322174498,11.841922644835154,1.8800444211097123,-7.216158972416958,-0.6142758919952426,-0.6577208914676107,0.18374625342731574,-5.01651005703038,-4.81603798917402,0.6873732565840428,0.48444116516620905,3.042950657113768,1.185889656327118,2.058856234594148,-0.020648447372420123,-1.4569638632346633,-1.0987353220614349,0.8014778213997897,-4.588473189057735,-0.27773318862076657,-1.1881388908478974,3.1681123558593938,0.16883111455787983,-4.884735969817369,0.20380984912367564,1.2156285600562657,-2.31395502662631,-5.544756419699141,-0.16805817599930792,-3.899073402502305,-0.11693239036207599,0.17809943487131563,0.7356425914535564,0.16030925544754762,1.0931305573295182,10.398537801583352,6.043481999244429,-7.66827777347601,-1.2176320407419916,0.05094001333391314,0.20803796130439914,0.7710203734178549,-0.16169427391919777,3.1186801254464758,0.43424028459312436,4.6360485211571945,2.9722528631444747,-1.3756966420600878,5.980887610806899,0.9717990758813566,1.4200126303144276,-4.512648117000047,0.4662032643194596,-5.211835146017643,2
0.8057565427035166,6.393944873095368,0.6660010104663051,1.9286524645339327,0.3774460282435634,-1.378418700610236,-0.48891693189155144,0.35463440851239775,-4.124579336719364,11.257960768409868,0.5469221339859778,1.0726797566044675,-4.4402326816835584,-0.13273452707238637,10.583039517654418,0.31568712395135334,-1.7101923196950937,-1.836016944941889,-0.4648041763002424,-1.115922063523287,-0.09948994110758817,0.3783403733977867,-4.690364542030856,0.574536211974392,-0.5890969315210701,1.301940779515085,-0.5383522991027327,-1.1509017125443992,0.2023706484954751,1.3064983333035347,0.8117270967227037,0.21860575093202356,2.3953132758152176,-4.447599145519485,-4.961099706232433,0.37218362789707415,-3.5569826689104094,-0.439738326764078,-5.984787219095686,0.47241307868866905,0.4696380517911156,7.490010145936189,4.84617330105264,-4.357173239470747,-1.055855801381814,-1.1929836675672436,-2.029369004721124,-6.695527994510654,-4.271384704542719,-9.696418855672867,0.7110847920639084,-0.09016245893911892,0.9130773364309381,-0.032417294615852965,1.9279048038888509,-1.2232502902763087,-1.4344978832544286,-5.390520501038667,-1.047554567189208,-0.14520129946235222,-1.1808485614031934,-0.5237398692858624,0.793723536772989,1.268902993218498,-1.9106990021060781,0.7499084964074983,-1.5198085823634075,-3.575980455421478,-0.6196646626671327,-4.520604936003384,0.5849327885958012,0.5083716974496492,2.7542388944860803,-8.357425820233928,-1.521258908400738,-2.984588525625345,-0.5958026563938581,0.5102178277907374,0.35435098510226026,-0.6317295493920639,-0.5702289943625088,1.012648800465088,1.9218332523894288,-5.6310683533451105,4.299692124451057,0.8292436597796411,-0.48564644060288253,6.096540431179267,-0.25722067877802346,3.5247811903154957,-2.7565822135155336,4.290730605148896,-1.679081753171122,-1.1216730844058052,-0.589393497372681,-0.33543239877410613,-2.8497027718295707,-0.9241372126191827,0.057729466633426846,-0.6854163012097794,1
-1.4051482938579085,-3.9516670686118234,-0.5717511941887341,0.11645780975587137,0.9551431259405423,2.9838194087044627,-0.540027506456793,0.3514915499250882,-5.30952952732114,-3.697423587294793,0.4678440463799091,0.9214236669081045,3.343935581196906,1.4942612182109658,3.216618253662583,0.2142746066294441,1.0154606448942185,0.792690177704586,-3.111913590490222,-2.640854859373962,1.1167396165584704,-0.12247204648217284,-0.27184683236350204,0.09395140708800942,-0.2917806404420134,1.1481902615406674,0.22155651870645598,-7.053304930709023,1.8036868864786395,-0.8097552097435475,-0.1487897175297025,1.3331074827858838,0.6962982929196808,-5.183848893456468,1.0870040661451177,0.29163948324263494,1.1898824222278028,-0.08630361629558848,4.2706021934684095,-0.35798711012774354,0.45963506837631424,7.690860250096382,0.6451575973446864,0.5976805916514675,3.3919369129059067,-0.5699478156056359,-4.026335124942195,-0.3497445105063637,1.0665372519720229,2.2202677310174623,0.35229212615173305,1.1386825564180632,0.6853250562605478,2.1499066392131314,-0.8645077530862237,1.4769731820023209,-8.92567747668215,0.1648138110550934,1.1501436162428873,-0.2733451352604599,0.5637025395170812,0.12578476468323865,0.8085728832562513,1.7229585965702894,2.806583609915636,0.26147938393112785,-0.06293959782753038,-1.4475223203586154,-1.1601237337943764,-2.1558754986835904,0.19955815973400545,-0.3059433024568413,0.4623443249712027,1.1342825527642808,0.5567064613682489,0.6681252685039718,-1.0375047112911822,0.29806522553020254,-4.605690972206734,0.32126710915606094,-1.62406060712101,0.6690765666950943,3.664458940216959,0.8007361284785062,0.20368784408945984,-0.4267321729027456,-0.4630516608131673,1.3535769411368084,-1.3511307883266457,-5.042818302276229,-1.1619180473115946,-0.549024052532125,-0.21127049997813904,0.961300647380025,-1.1556009555640767,-1.9367051218187945,-5.204609623960574,1.5301314038113318,0.45237824577289715,-2.060232436108666,2
